"gene","var_between","var_within","score"
"ENSG00000176371",323.772462262235,16.7773799875859,19.2981539613946
"ENSG00000066135",83.9023565454954,6.37210272105098,13.1671380840492
"ENSG00000188070",670.57361885265,55.804506143172,12.016477970651
"ENSG00000163939",99.9431328005299,8.58293634151204,11.6443986891413
"ENSG00000147535",57.9945527580675,5.22224097272789,11.1052999947493
"ENSG00000214575",10.4776638642572,0.951036222415796,11.017102721357
"ENSG00000118007",22.5685765429104,2.21332387226336,10.1966895689173
"ENSG00000171681",1151.84618569659,122.724591876553,9.38561838332584
"ENSG00000143702",321.526977083533,36.1329772456587,8.89843576433158
"ENSG00000100425",56.197925334187,6.80249939025623,8.26136424680468
"ENSG00000148498",24.1581820115455,2.92492652712175,8.25941496476629
"ENSG00000100426",33.9106036125771,4.12046732825421,8.22979551318191
"ENSG00000117399",699.367153673332,85.506372692693,8.17912316436392
"ENSG00000110013",12.2232690787357,1.49956387928865,8.15121594087873
"ENSG00000140525",45.2932975421145,5.85549148773716,7.7351828722863
"ENSG00000075413",70.5736103987213,9.2053415957774,7.66659331299865
"ENSG00000167074",163.036374514903,22.101477680801,7.37671828082162
"ENSG00000105928",31.5365082251447,4.44711361333404,7.09145546892987
"ENSG00000174579",21.4203858421032,3.12323957289691,6.85838702845688
"ENSG00000073711",14.2865622390054,2.15237821583051,6.63757051040269
"ENSG00000198492",1484.99188303005,228.998940854002,6.48471070402006
"ENSG00000076685",9.23078554509154,1.43923032210717,6.41369580613049
"ENSG00000110987",186.490106073573,29.3189373245807,6.36073892942957
"ENSG00000100227",213.13815578925,34.049848477734,6.25959189997658
"ENSG00000089639",39.1425956138618,6.27242812518879,6.24042153536506
"ENSG00000176165",3664.93869573686,587.611137445904,6.23701366792402
"ENSG00000146463",43.185034223486,6.96888290167877,6.19683739428517
"ENSG00000177932",8.24640234689949,1.39022641834653,5.93169729675428
"ENSG00000110583",11.8046627927774,2.01354737883059,5.86261980138108
"ENSG00000120334",4.27479021433259,0.744131572465917,5.74466978026481
"ENSG00000100162",31.8680982554815,5.61331499359967,5.67723319198109
"ENSG00000168268",14410.2555145763,2566.59034192907,5.61455222483589
"ENSG00000065413",56.6489885422799,10.0936988098409,5.61231215170861
"ENSG00000157851",602628.050318704,109116.760940297,5.52278169848145
"ENSG00000185630",895063.226723004,164846.699834393,5.42967027924818
"ENSG00000122970",19.2383002572977,3.58048098899079,5.37310497185163
"ENSG00000143621",2903.73375955728,548.646004335385,5.29254516857708
"ENSG00000150977",15.476928954292,3.01236992744382,5.13779159787562
"ENSG00000115816",17.6405836326216,3.4761061704098,5.0748115037562
"ENSG00000125107",43.1860198959977,8.68738728661293,4.97111714045893
"ENSG00000198218",63.5003855548528,12.8665588654857,4.93530447179925
"ENSG00000117593",2.97519683819403,0.637785603154317,4.66488546751549
"ENSG00000136381",2646.04438473012,593.883341320027,4.45549521359563
"ENSG00000169684",0.382092122285178,0.0872707267899292,4.37823875837004
"ENSG00000157782",7897.65545670855,1811.93135828897,4.35869461640248
"ENSG00000009307",3040.70013854359,703.290438337009,4.32353402342616
"ENSG00000142197",75.361233516067,17.6752621239997,4.26365577747807
"ENSG00000204969",1.65852193546552,0.392086075093588,4.22999437756033
"ENSG00000092847",165.589853663624,39.2087037230553,4.22329324608662
"ENSG00000120733",61.7308434490599,14.8763709721395,4.14959021411699
"ENSG00000033030",1.41435876842859,0.344308283180234,4.10782660901001
"ENSG00000112983",28.8451600367335,7.32706804030183,3.93679434102503
"ENSG00000147548",36.2792276715651,9.5094003101506,3.81509100996502
"ENSG00000223572",11.0969233386622,2.93443815143345,3.78161771629956
"ENSG00000196628",461.842889060086,123.397260993942,3.74273209391036
"ENSG00000121989",11698.1280767677,3166.5994722914,3.69422409720351
"ENSG00000120899",413.363853498959,113.538063903752,3.640751297406
"ENSG00000112852",2.01480966942729,0.555411398540967,3.62759863849408
"ENSG00000143614",3421.3070550178,945.896974760848,3.61699756556113
"ENSG00000119042",3828.26364038859,1065.21719205298,3.59388082441148
"ENSG00000092964",16487.1375032321,4730.96077834494,3.48494487180363
"ENSG00000115392",1.50514789898447,0.44360235708137,3.39301142346784
"ENSG00000183763",2.31184660749179,0.682612017429356,3.3867651236647
"ENSG00000168005",25.4525086026909,7.51783021500469,3.38561896729651
"ENSG00000126457",4791.65538525318,1424.77199430744,3.36310329257188
"ENSG00000196419",2015.64867613102,602.259401931074,3.34681147298757
"ENSG00000114904",2.00182705607536,0.601956931732136,3.32553197295987
"ENSG00000114416",5171.75392606206,1568.09088580418,3.2981212841989
"ENSG00000166484",43.1589332103966,13.166351849786,3.2779720358391
"ENSG00000078295",98.4058133090628,30.1858270705262,3.26000056405768
"ENSG00000138311",1494.6114147394,462.803323307335,3.22947424842619
"ENSG00000226124",1.4624418916893,0.463892536969256,3.15254448739014
"ENSG00000166963",4823.61720596019,1533.57771061288,3.14533601561086
"ENSG00000142687",41.3393994998971,13.207726569515,3.12994058826247
"ENSG00000117569",641.273628971379,208.519232445161,3.0753692185649
"ENSG00000175216",205.63483733276,67.1637324036725,3.06169460723565
"ENSG00000077080",1130.69142809063,372.974926834949,3.03154809267024
"ENSG00000117020",26246.7300833349,8662.99173753002,3.02975356303272
"ENSG00000023902",258.345074044567,85.3637193633234,3.02640367525154
"ENSG00000174231",215317.109485035,71405.5273556546,3.015412356141
"ENSG00000135631",41.9486488742133,13.9578854607204,3.00537276668515
"ENSG00000041515",71.9545286902364,24.0691205426551,2.98949554608047
"ENSG00000115825",5.59216371872962,1.87940958411559,2.9754896092042
"ENSG00000037749",183.694730585105,61.8938950966943,2.96789740358798
"ENSG00000113141",2565.74716406371,875.218213856269,2.93155138160293
"ENSG00000197121",23.0936827399074,7.96431131209622,2.89964590859679
"ENSG00000168781",4.42565049488481,1.56070268674579,2.83567812377893
"ENSG00000149091",2733.52241062716,968.684181420287,2.82189227720334
"ENSG00000163935",0.820378784698966,0.294440031838546,2.78623375943145
"ENSG00000101442",1.21159961810558,0.435612230729038,2.78137183674604
"ENSG00000120071",11.1315380697031,4.01290205836098,2.77393713578702
"ENSG00000005483",642.00459924743,233.137546102892,2.75375892880228
"ENSG00000128928",14.6051972234318,5.34258521811355,2.73373219140743
"ENSG00000048828",9.92675632464528,3.64994839095539,2.71969771464355
"ENSG00000171604",6089.98082540096,2240.84717552352,2.71771359149069
"ENSG00000213593",186.763610807146,68.9875440546809,2.70720770451028
"ENSG00000170100",1.57617223878493,0.587990604534412,2.6806078189411
"ENSG00000204967",0.195413985338971,0.0744309932953226,2.62543801221676
"ENSG00000277443",8194.7773951755,3146.02238585543,2.60480581193361
"ENSG00000135519",508.082700851783,195.952682352322,2.5928846429993
"ENSG00000100865",2.94635907520924,1.15483784249623,2.55131841136013
"ENSG00000067082",4992.96815128219,1963.94574708186,2.54231470430158
"ENSG00000165995",8.51157222019566,3.3783829291227,2.51942197600783
"ENSG00000167193",63.3498784476185,25.1907043374151,2.51481171681169
"ENSG00000120903",3.92856575869307,1.5668478117411,2.50730524316496
"ENSG00000109452",0.508410454268749,0.202954743427304,2.50504334430804
"ENSG00000167705",21.4244334539674,8.56198046519767,2.50227543919654
"ENSG00000107882",10.2340869404842,4.12878581573135,2.47871586767797
"ENSG00000188266",0.414339676445887,0.167766144572055,2.46974532797036
"ENSG00000169855",625.582912955237,254.45600702289,2.4585110811488
"ENSG00000197056",0.34524152631133,0.140824252663479,2.45157702076054
"ENSG00000143578",26.267999869974,10.7148457665604,2.45155183917228
"ENSG00000186868",62809.9243478993,25763.8322371723,2.43791078010716
"ENSG00000186487",2162.55298265421,889.937881826514,2.43000441580425
"ENSG00000148798",5133.6415204767,2139.29364789306,2.39968997501055
"ENSG00000149925",1348937.81823571,562839.858630352,2.39666362918623
"ENSG00000196141",900.110085736099,376.58879674692,2.39016692341249
"ENSG00000133106",0.734387885688819,0.32278435487277,2.27516560778367
"ENSG00000196663",6.64724460209359,2.96003575242936,2.24566361206327
"ENSG00000198597",11.2439653413778,5.0266637149735,2.23686444062599
"ENSG00000051825",155.76287461383,70.0024031540119,2.22510753307834
"ENSG00000116127",3.8652127713751,1.75279011092793,2.20517717736156
"ENSG00000081665",54.8851637494494,25.0582179569214,2.19030594361905
"ENSG00000120458",3.93850972492427,1.79884391149289,2.18946717826171
"ENSG00000139718",11.8449449433502,5.5026427677134,2.15259202202334
"ENSG00000073969",2133.72183745031,994.745375013232,2.1449929710912
"ENSG00000149292",6.91297935051545,3.23142515463387,2.13929736828633
"ENSG00000185278",31.5449516686931,14.7842204201921,2.13369056675268
"ENSG00000255408",0.651842778517517,0.307873975471366,2.11723890058305
"ENSG00000114767",15.3209624345198,7.25076831538761,2.11301226945502
"ENSG00000138175",97.9814580085426,46.3930677057088,2.11198488983228
"ENSG00000165912",33.0488754559198,15.7686823818552,2.0958552296665
"ENSG00000144381",778.602837482507,374.882679500147,2.07692400859889
"ENSG00000165417",12.2823320079877,5.93472326287699,2.06957113975653
"ENSG00000197555",8235.17668160095,3980.53271859781,2.06886295472562
"ENSG00000067369",17.1910671614235,8.37444934120783,2.05279970544499
"ENSG00000149658",9.51680166207872,4.64753089106094,2.04771132557854
"ENSG00000158092",9.83886026786639,4.83787355552151,2.03371587426051
"ENSG00000110492",1229.34676037048,606.654839945467,2.02643526335457
"ENSG00000198837",149.572939049626,74.0415302798774,2.02012219985241
"ENSG00000152078",2.45121830594647,1.24319844223561,1.97170315128572
"ENSG00000114861",39.6802769237352,20.20139426657,1.96423456621295
"ENSG00000185760",35.565467373375,18.3774062399837,1.93528220955591
"ENSG00000102452",13.4769479159652,6.99369769827482,1.92701321648769
"ENSG00000180628",12.8755519786906,6.74317430947393,1.90942001032166
"ENSG00000105963",172.357901806332,90.4384521302093,1.90580331404965
"ENSG00000126453",1.62505154104057,0.855660757947279,1.89917733979911
"ENSG00000204963",0.464991391446351,0.244913207179534,1.8985965592273
"ENSG00000130921",3.18617352862574,1.68790770974379,1.88764675423688
"ENSG00000186298",496.881482623683,265.899160498168,1.8686839088701
"ENSG00000117971",0.838702131165639,0.449153201634056,1.86729630211119
"ENSG00000102882",871.530461184113,474.853225962186,1.83536809589909
"ENSG00000140265",1.59656817640033,0.870758629987726,1.83353699071287
"ENSG00000163931",599.809785460605,328.84863104302,1.82396923332151
"ENSG00000163938",645.456524266898,354.272574431903,1.8219206645722
"ENSG00000129933",15.5038514679279,8.53247225812883,1.81704094437425
"ENSG00000100711",398.078623626102,221.361738294068,1.79831720999268
"ENSG00000121057",222.481304174203,124.402772705683,1.78839505999335
"ENSG00000249158",1.91167594968201,1.07366360769064,1.78051665175529
"ENSG00000167491",1313.16670218669,740.481396916486,1.77339593896248
"ENSG00000163866",15.0450725925139,8.50305823026986,1.76937193270788
"ENSG00000140937",19.204092337088,10.8814173570056,1.76485210422295
"ENSG00000094880",4.21591843709714,2.39845419071694,1.75776482862876
"ENSG00000158019",60.2901823198484,35.1206175498885,1.716660654302
"ENSG00000138821",5.99773444086556,3.50216095823364,1.71258103076016
"ENSG00000215421",1.2708738714626,0.754692742020634,1.68396194088248
"ENSG00000110497",13.9897789454034,8.31878647538846,1.68170910143874
"ENSG00000177082",0.261998892927943,0.158435384817365,1.65366390022861
"ENSG00000110536",5.04546144641923,3.07670350475309,1.63989198901543
"ENSG00000250067",150.476672659494,91.782617147271,1.63948988730241
"ENSG00000221866",339.154671286081,207.264457307903,1.63633782499372
"ENSG00000164061",151.841525355602,92.8112766195214,1.63602453139088
"ENSG00000174456",71.0512215716248,43.6316955760954,1.62843136433752
"ENSG00000149929",13.7407641058343,8.47624081317328,1.62109175429139
"ENSG00000130287",979.04822057162,604.150632544672,1.62053661424086
"ENSG00000088808",6.6125214008586,4.08452739616951,1.61891958194984
"ENSG00000175548",0.265086150965368,0.164106477093913,1.61533011680195
"ENSG00000137601",1.85985268400086,1.15451923800005,1.6109325913991
"ENSG00000120885",345960.891661578,215083.114940759,1.60849861113854
"ENSG00000171877",2.12200460147019,1.32268615276569,1.60431450876689
"ENSG00000129993",3.38020722776252,2.1087844001757,1.60291740182245
"ENSG00000198846",303.536373086569,189.949106385754,1.59798789710629
"ENSG00000002822",192.497373651663,120.554664181201,1.59676421433483
"ENSG00000085788",3705.1006156595,2342.14100661952,1.5819289296298
"ENSG00000104228",1.68673900058547,1.06916359780881,1.57762477909471
"ENSG00000167508",158.960926854122,103.227130494153,1.53991422679067
"ENSG00000105926",589.667762783864,383.713611163844,1.53673923888176
"ENSG00000175727",7.22735639620958,4.74766790750883,1.52229610869706
"ENSG00000013375",2.19173064239676,1.44995969862272,1.51158037658759
"ENSG00000070366",23.98879012892,15.9702660661728,1.50209082394128
"ENSG00000134574",50.8493160601646,34.1234900923261,1.4901557814773
"ENSG00000164088",12.0279288961695,8.10845202301606,1.48338164266053
"ENSG00000184144",1258.62965656552,848.59413167092,1.48319391989241
"ENSG00000109320",0.625780725928438,0.42236995668598,1.4815938046885
"ENSG00000120088",6.87029953424102,4.6656094029229,1.47254065357712
"ENSG00000135870",1.20554410033759,0.830620532056215,1.45137766199863
"ENSG00000175224",2058.1565893503,1418.46164970084,1.45097795895283
"ENSG00000100399",36.0674431879054,24.8692056887276,1.45028528955996
"ENSG00000115520",7.77024242935475,5.40943916454532,1.43642292271599
"ENSG00000178342",0.610138578907152,0.425072307953651,1.43537594225009
"ENSG00000166170",6.96772091576662,4.88452212249788,1.4264897827791
"ENSG00000135625",16.4205526270805,11.5564534170098,1.42089895752119
"ENSG00000126464",22.9806129644549,16.224269009676,1.41643441295168
"ENSG00000180720",8.25078641236893,5.84821893841024,1.4108203685862
"ENSG00000056972",0.510287257972922,0.362796493756788,1.4065385214269
"ENSG00000126070",103.932406070232,73.9148237404104,1.40611044979533
"ENSG00000044115",4103.14007247264,2919.02270876418,1.40565541341599
"ENSG00000166272",8.85073687556286,6.31568189938202,1.40139053906673
"ENSG00000164588",7.61656701556425,5.44894102598223,1.39780683352381
"ENSG00000183166",34.6237835579857,24.7827863861102,1.39709002065321
"ENSG00000168918",2.20915502634002,1.59154872190266,1.38805364991811
"ENSG00000136295",1050.58001368007,759.652931513279,1.38297368453961
"ENSG00000204852",2.50689484024559,1.81970202181165,1.37764029298236
"ENSG00000163513",7.97039457160786,5.83415608856873,1.36616066436124
"ENSG00000121749",118.070724256668,87.0621991577329,1.35616519437092
"ENSG00000157388",0.934978913154218,0.690953825666152,1.35317131896779
"ENSG00000185344",1.117982158176,0.826511666684817,1.352651377728
"ENSG00000166197",36.403059927981,27.0331446431384,1.34660840960487
"ENSG00000221823",360.194789762206,269.677914869759,1.33564808198256
"ENSG00000149927",276.856759048067,207.589543949275,1.3336739113526
"ENSG00000111011",53.4175629203361,40.1583587972573,1.3301729579318
"ENSG00000174943",235.989748831219,178.039715590928,1.32548936081309
"ENSG00000112996",66.1099124222637,50.0353898326468,1.32126306260766
"ENSG00000066248",1988.22571392784,1505.06642203586,1.3210219062792
"ENSG00000204970",0.632610801009498,0.479326497598378,1.3197909795958
"ENSG00000188938",5.70553791716819,4.34814351059301,1.3121779191847
"ENSG00000105701",12231.1076799933,9359.79600034428,1.30677075435515
"ENSG00000181830",41.4377912935506,31.9218382369516,1.29810166234733
"ENSG00000250120",0.144839916940539,0.111602997137271,1.29781374763841
"ENSG00000121671",330.956798705147,255.927948839397,1.29316395568779
"ENSG00000090975",29.2540305441559,22.7855136964266,1.28388725051676
"ENSG00000149932",1060.21895064331,826.341510232755,1.28302758302902
"ENSG00000176340",3917.6430739661,3054.17253198036,1.2827183248266
"ENSG00000166165",86029.4896724653,67438.325979754,1.27567652996428
"ENSG00000006744",6.19878555019976,4.86819266046751,1.27332379176448
"ENSG00000185189",49.6975933814129,39.0530537087995,1.2725661286121
"ENSG00000187741",1.43032985762036,1.12555454738274,1.27077790075882
"ENSG00000126215",2.994425190923,2.36038594867784,1.26861676155721
"ENSG00000102471",130.804419620676,103.164696255393,1.26791842903486
"ENSG00000013392",1.81547607675975,1.4347734858602,1.26533984771674
"ENSG00000157613",4.95137769788571,3.98769635645758,1.24166366816042
"ENSG00000108953",29897.0422405935,24236.1320979294,1.23357316752434
"ENSG00000154814",0.23813881471152,0.193535910023297,1.23046313409342
"ENSG00000151067",9.79013090186252,7.95727950134147,1.23033643444455
"ENSG00000159640",41.2378390374822,33.6719647503117,1.22469357909546
"ENSG00000150967",12.2250927842024,10.0077533311298,1.22156215960678
"ENSG00000146555",12.0487031502632,9.86674551615229,1.22114258630949
"ENSG00000104524",2.43656519665181,2.01973095165942,1.2063810690162
"ENSG00000112855",8.66908735770001,7.30302565229503,1.18705420993628
"ENSG00000126456",151.962073907645,128.148920171899,1.18582406852859
"ENSG00000148680",1.3606865811118,1.15043542775068,1.18275788146114
"ENSG00000184922",4035.40341287797,3420.54735664128,1.17975370375478
"ENSG00000010319",12.0665172928939,10.2443213574211,1.17787375660312
"ENSG00000180423",0.193931968776645,0.165205185712117,1.17388540923729
"ENSG00000143554",3.81409002100427,3.25760524201615,1.17082633589312
"ENSG00000118997",1.67149611541463,1.43538131096709,1.1644962150465
"ENSG00000084764",10434.2498026608,9063.21227950042,1.15127500944119
"ENSG00000250305",564.989376689667,495.413572430451,1.14043984282966
"ENSG00000140264",10478.8805685483,9247.79145506606,1.13312249951274
"ENSG00000023330",40.3204308171582,35.5880584284107,1.13297641361743
"ENSG00000137842",20.4401573575576,18.1031001630738,1.12909706968091
"ENSG00000080644",20.0078633470336,17.7392934437103,1.12788389228934
"ENSG00000103423",17.6723077799948,15.7338753670899,1.12320120481744
"ENSG00000157837",15.8355443331348,14.1341455216187,1.12037507309586
"ENSG00000198951",1.34784600292658,1.22401685685944,1.10116620074432
"ENSG00000164038",36.7424766409566,33.4045064210285,1.09992574555233
"ENSG00000277149",0.437276786468755,0.397899824417097,1.09896197144526
"ENSG00000156398",4.72236843866229,4.29976727613146,1.09828465691478
"ENSG00000147471",127.55201240338,116.255254286934,1.09717202181325
"ENSG00000060069",2.04007014412523,1.86727409249489,1.09253919464714
"ENSG00000106266",6.30322273281988,5.7727065196194,1.09190077487543
"ENSG00000051523",192.2205012879,177.35624386797,1.0838101725934
"ENSG00000136404",5.77007706340675,5.38783170436597,1.07094604458814
"ENSG00000130158",79.2479652869822,74.3167910602505,1.06635343299565
"ENSG00000156374",0.939363819013732,0.883422001068986,1.06332399152819
"ENSG00000163531",229.598861455941,217.964629291835,1.05337669782189
"ENSG00000100401",270.410274912293,257.330036686358,1.05083059243243
"ENSG00000109332",168.818439562033,160.797136853146,1.0498846114761
"ENSG00000147724",2.22953748702593,2.12516043160033,1.04911490134222
"ENSG00000174437",134540.614706381,128580.262547132,1.04635510957254
"ENSG00000218739",249.607772241466,240.265535228821,1.03888296751908
"ENSG00000120314",0.577913845886742,0.557381515012363,1.03683710340762
"ENSG00000151883",134.736165111265,131.970729899289,1.0209549132893
"ENSG00000165233",32.8392338382044,32.2728560116002,1.01754966514972
"ENSG00000178922",3.2155918987971,3.1707393301646,1.01414577290045
"ENSG00000066032",73.3243491037001,72.3332362380307,1.0137020394369
"ENSG00000149564",1842.67888389403,1821.76639135667,1.0114792393945
"ENSG00000103351",44.3673859292327,44.2513891814038,1.00262131291127
"ENSG00000170445",14.7324418035185,14.7186055711977,1.00094004980597
"ENSG00000156587",347.543375185817,348.527298502105,0.997176911735499
"ENSG00000197696",13.8771181942922,13.9595812500538,0.994092726405944
"ENSG00000100351",0.0942909642950203,0.094974617808379,0.992801619452112
"ENSG00000162944",6.51410784377899,6.56284262087744,0.992574134435411
"ENSG00000144395",0.125793696162027,0.127545386991592,0.98626605999995
"ENSG00000052723",1.99057113748313,2.02602982863514,0.982498430933329
"ENSG00000137822",96.4278887882889,98.7443042619636,0.976541274955011
"ENSG00000180667",0.892113345837378,0.915790370975853,0.974145791842402
"ENSG00000100395",9.24282785204457,9.51873849164297,0.971013947956362
"ENSG00000148842",0.293248102179661,0.302075068642881,0.970778865628784
"ENSG00000251664",0.325787878395478,0.336637054585941,0.967771860761064
"ENSG00000136383",0.203626088134114,0.210641513359341,0.966694908423832
"ENSG00000172803",123.612621938072,128.3390021515,0.963172689955304
"ENSG00000204962",0.158563556384824,0.164777825603455,0.962286922899112
"ENSG00000146830",8.92809361832993,9.35347227707461,0.954521844328069
"ENSG00000142599",39.2623408153089,41.2637134518703,0.951497999606586
"ENSG00000173327",44.3822387517462,46.9698678619504,0.944908741764855
"ENSG00000225190",1.0583573484614,1.12288769242347,0.942531783166917
"ENSG00000010322",169.164209165098,181.056867456252,0.934315342645753
"ENSG00000100034",2.34648339335916,2.52088770133617,0.930816308400913
"ENSG00000149328",29.1833263594637,31.7576109739269,0.918939600785268
"ENSG00000162267",1.16899486999949,1.27366308306843,0.917821106979882
"ENSG00000131495",668.871334031833,730.977842250617,0.915036401053261
"ENSG00000141759",18.9523120142963,20.7598032526387,0.912933122463869
"ENSG00000151834",57.0758447797732,62.5242968044295,0.912858643563362
"ENSG00000111325",0.090381261020191,0.100295379389752,0.901150706628854
"ENSG00000056050",53.936034455633,59.9365690597103,0.899885250236825
"ENSG00000146007",2740.41794125867,3046.04302765152,0.899664882069156
"ENSG00000111231",7.5987640815498,8.44897278061109,0.899371351981855
"ENSG00000143570",24.8395506100053,27.642918942121,0.898586384926596
"ENSG00000188641",0.32912097140403,0.370836937905256,0.887508575569757
"ENSG00000102901",12.4827472470764,14.1082211162786,0.884785341493223
"ENSG00000129691",9.99103453002329,11.4014881281495,0.876292147916477
"ENSG00000073060",59.8475642651903,68.6837066737401,0.871350239449996
"ENSG00000205981",2.20985826449671,2.55092907456172,0.866295452065219
"ENSG00000101438",38.1928307878357,44.2500445144606,0.86311395159667
"ENSG00000109956",480.796101260192,559.373873111074,0.859525487984537
"ENSG00000142686",357.105820104236,416.996795490885,0.85637545409741
"ENSG00000167077",0.0519111570247934,0.060639880952381,0.856056239704619
"ENSG00000004534",89.399092401788,104.765215685719,0.853328004033701
"ENSG00000183955",2.42951298174542,2.86432897559102,0.848196207197937
"ENSG00000131374",3.76137073701121,4.44897364863257,0.845446843613656
"ENSG00000167526",502100.170428382,603972.793291209,0.831329119466287
"ENSG00000110046",2.67848501772985,3.22472184687319,0.830609626694133
"ENSG00000112659",14.3656664899495,17.4310078990347,0.824144338922803
"ENSG00000170571",0.104445664861881,0.127217129922923,0.821003089089738
"ENSG00000182511",71.9206876255958,87.8724176961866,0.818467153892048
"ENSG00000221890",2517.41057338666,3081.19839549899,0.817023200147034
"ENSG00000130787",147.514755556092,180.867257223636,0.815596796304262
"ENSG00000172995",8800.24407076516,10805.1027590617,0.81445260327364
"ENSG00000164815",3.03350478857036,3.72736665117393,0.81384662801458
"ENSG00000100138",447.886671741624,550.924217594879,0.812973286396436
"ENSG00000239389",0.139965523048525,0.172375601766603,0.81197984804277
"ENSG00000016864",8.85148452946046,11.1146049226716,0.796383189783139
"ENSG00000155511",1623.54590085193,2052.28144468456,0.7910932026643
"ENSG00000113108",19.8835626702762,25.1568843302926,0.790382560944944
"ENSG00000104442",24.7874006875766,31.5205390103305,0.78638885812165
"ENSG00000103037",1.40017350732318,1.78075242972628,0.786281953677066
"ENSG00000041988",6.20714121257494,7.94762014251932,0.781006275269375
"ENSG00000184349",4.27966244534843,5.54338415625691,0.772030643555093
"ENSG00000111328",71.3057260079302,92.6219206260266,0.769857993855882
"ENSG00000103335",2.25908669866988,2.95763272978307,0.763815827530897
"ENSG00000136040",6.81254197608842,8.97866273608392,0.758747952645815
"ENSG00000168273",28.8843927569648,38.6042026287768,0.748218866925935
"ENSG00000086598",2146.43138862945,2889.31990029862,0.742884645068268
"ENSG00000158023",0.14214897313933,0.192655303775362,0.737840915745915
"ENSG00000164068",19.0962471915568,25.9071681814384,0.737102837733828
"ENSG00000100197",0.673011635735737,0.924785504442433,0.727748894446628
"ENSG00000198198",72.0755528220765,99.4312823865283,0.724878037222147
"ENSG00000126460",0.504736829891704,0.696898439800999,0.7242616625648
"ENSG00000256053",11.8305139673478,16.4473086601968,0.719297862317452
"ENSG00000166986",1033.61772999592,1440.4678459083,0.71755696104205
"ENSG00000126214",3044.62844524744,4262.03977236441,0.714359463509008
"ENSG00000172137",327.408372060291,459.58492452874,0.712400156269036
"ENSG00000121680",17.6141217408359,24.862468890015,0.708462293574764
"ENSG00000028116",0.235684618518672,0.334543418434282,0.704496332872877
"ENSG00000074660",1.36651263699492,1.93994864699232,0.704406599664109
"ENSG00000136631",7.88678838469227,11.2869667918287,0.698751801362122
"ENSG00000104695",7296.01548380197,10494.8283692747,0.695201029218858
"ENSG00000132563",339.635097247365,490.660351157935,0.692200004420412
"ENSG00000076555",0.939754243910169,1.37075163777923,0.685575863018424
"ENSG00000225968",2.08802886457846,3.05244578887965,0.684051086294419
"ENSG00000081842",0.516687424072262,0.757640871090671,0.681968775666458
"ENSG00000213445",7.49672905905556,10.9929695688644,0.681956681975098
"ENSG00000176697",1.08088537719649,1.58612137686323,0.68146447437676
"ENSG00000144821",0.0356313898036898,0.0522961540492028,0.68133849683824
"ENSG00000184983",309.050605163821,454.110817097382,0.680562086436141
"ENSG00000140564",11.5034601010147,17.1676858217747,0.670064690939509
"ENSG00000140519",0.367934550326302,0.554505027264445,0.663536894347152
"ENSG00000085978",180.825133996146,272.726077212132,0.663028397716681
"ENSG00000116147",25.9668696326741,39.2159990680995,0.662149894000164
"ENSG00000157680",3.02174591277307,4.56807633858715,0.661491989665992
"ENSG00000228474",642.055941791263,974.55891613735,0.658816959296267
"ENSG00000105705",6.22282640357734,9.45144586287016,0.658399411823287
"ENSG00000159314",0.851834169239883,1.30394629522832,0.653273962144269
"ENSG00000010327",0.817142130818638,1.25692022083788,0.650114550446783
"ENSG00000139697",3.35829566358986,5.16879999680465,0.649724434911143
"ENSG00000177096",0.661210458190572,1.0273446675987,0.643611119625477
"ENSG00000167004",80.4356831537812,125.429906828636,0.641279940176154
"ENSG00000184489",17.4797002735804,28.1008010458754,0.622035657945262
"ENSG00000151320",33.5005265467164,54.0541093884531,0.61975910656064
"ENSG00000115541",520.235935770013,849.228898988898,0.612598012600944
"ENSG00000186952",0.181670128786316,0.300460699247851,0.604638554042868
"ENSG00000156411",4838.47549101822,8042.05253570879,0.60164683947638
"ENSG00000114841",0.326837589391602,0.543348427887901,0.601524853300549
"ENSG00000143603",0.527541497942322,0.877965518489647,0.600868121610475
"ENSG00000185352",20.1700171182448,33.8721609310082,0.595474766235697
"ENSG00000167194",0.0417528778040142,0.0704445773524721,0.592705264850259
"ENSG00000166275",16.9568852415172,28.7848074473755,0.589091494415133
"ENSG00000171206",17.4421517835331,29.7899068035395,0.585505416069502
"ENSG00000183172",714.784636748904,1233.51755629513,0.579468555672581
"ENSG00000164062",183.80769034866,318.162509018852,0.577716371767711
"ENSG00000114902",180.681408721257,320.25101582069,0.564186840290243
"ENSG00000150337",0.545368367589678,0.97076711707542,0.561791136492931
"ENSG00000142546",48.2585534882839,86.1522170061199,0.560154516734657
"ENSG00000117407",0.0654130193449863,0.116776858477958,0.560153908882506
"ENSG00000116288",2538.55575314786,4553.73588783525,0.557466619863423
"ENSG00000122687",4.22048093191981,7.66070670236047,0.550925794497537
"ENSG00000198517",14.433164743473,26.3633337878472,0.547471152705717
"ENSG00000141012",1.03132608023525,1.95927270609177,0.526382096665169
"ENSG00000164880",26.2038830834861,49.8451181666851,0.525706108080669
"ENSG00000254470",0.23455302880659,0.447882479392907,0.523693232848912
"ENSG00000102780",0.207590142903882,0.4014552049548,0.517094149411547
"ENSG00000157778",20.7491424175887,40.4434715463288,0.513040587742072
"ENSG00000178568",1.44952697133227,2.84734215675064,0.509080709813831
"ENSG00000166166",1.68192334048097,3.3302491563918,0.505044294419349
"ENSG00000075426",2790.56034441031,5537.53976587609,0.503935043789934
"ENSG00000112619",0.428510283545579,0.850848761287696,0.503626846515933
"ENSG00000139746",17.4773303743756,34.7115986825187,0.503501164817925
"ENSG00000135250",2059.62532945756,4096.26306053572,0.502805923109628
"ENSG00000153310",42.7655361406139,85.1425010763298,0.502281887364948
"ENSG00000114446",5.6130415445715,11.4134782530622,0.491790619406284
"ENSG00000168803",0.23626007753673,0.482304516269529,0.489856645891604
"ENSG00000164574",2.66794044623454,5.45116041362929,0.489426147627163
"ENSG00000205702",0.903359358677551,1.84832794414959,0.488744087135329
"ENSG00000113119",0.532382412934553,1.09425308748993,0.486525845031434
"ENSG00000130783",0.0637830171942579,0.131774640835737,0.48403100892118
"ENSG00000166716",1.00860254623133,2.08656773611058,0.483378767888746
"ENSG00000107282",70.2451726715194,146.440184380366,0.479685087559481
"ENSG00000102886",4.08537760751948,8.77981653871711,0.465314689077009
"ENSG00000175220",21.1319704637041,45.466369917041,0.464782442442935
"ENSG00000122986",1.28725966917775,2.77676469578567,0.463582552203871
"ENSG00000156735",442.668771182182,956.031266450253,0.463027504132979
"ENSG00000141564",19.7306157895951,43.7992678862058,0.450478209735198
"ENSG00000010318",0.104613834611586,0.234095801129989,0.446884692667551
"ENSG00000142949",10375.8990042333,23883.5582355931,0.434436900141874
"ENSG00000196510",2.15753987518353,4.98111490810053,0.433143966894518
"ENSG00000157911",1.41620026186836,3.29791619162168,0.429422755245258
"ENSG00000166762",0.308410574119635,0.721373495059711,0.427532439099086
"ENSG00000164077",2.05891811836348,4.8303775363201,0.426243724971771
"ENSG00000076513",2.71762622950239,6.39010162408359,0.425286855377556
"ENSG00000205899",0.0862023573143988,0.203571492853755,0.423450021766192
"ENSG00000174564",0.110373716186409,0.266103378148002,0.414777568051937
"ENSG00000123384",42.8056285194879,104.239815084284,0.410645668171712
"ENSG00000196588",8.2289231262933,20.3352383955304,0.404663223621482
"ENSG00000204856",4.87229082657342,12.0760088781987,0.403468635348129
"ENSG00000160072",0.737744068086582,1.82970136691619,0.403204630763293
"ENSG00000133315",12.5055085961986,31.2397399054732,0.400307705186896
"ENSG00000166734",306.500571679873,768.143780338457,0.39901458492684
"ENSG00000148795",0.031540594160585,0.0798105730651462,0.395193130400258
"ENSG00000175324",2.66881524946946,6.80808826291665,0.392006557859467
"ENSG00000149930",11.4284028190674,29.2011488135404,0.391368260479344
"ENSG00000248383",0.164052477241555,0.41934298205168,0.391213112776516
"ENSG00000152822",22.9064089208642,58.9369304608304,0.388659686513556
"ENSG00000142173",132.397170682524,341.641303410882,0.387532682251298
"ENSG00000149182",25.2581831710429,65.4025853998687,0.386195484670116
"ENSG00000103066",8.98058156039459,23.2733402273957,0.385874200642869
"ENSG00000115808",0.416650133830305,1.08129611381603,0.385324727106109
"ENSG00000145439",5.7744536762134,15.4260949351476,0.374330230479347
"ENSG00000166913",7913.16887279777,21163.0786523865,0.373913880998675
"ENSG00000163673",0.918403035443543,2.45741786981894,0.373726846779193
"ENSG00000258674",0.0615911672017345,0.166212015279329,0.370557828762551
"ENSG00000168237",0.276615268123253,0.746824960620563,0.37038834935233
"ENSG00000138111",1.20208822036667,3.25634461686187,0.369152641415942
"ENSG00000204965",0.109187522912701,0.296611121470976,0.368116740498612
"ENSG00000116199",767.644846564552,2091.26593454559,0.36707184575628
"ENSG00000153989",0.649051602377562,1.81089089237246,0.358415629305572
"ENSG00000133107",0.107501035527862,0.301488023393142,0.356568167293327
"ENSG00000243232",5.491546438172,15.6580971673493,0.350716078459135
"ENSG00000149131",185.965979019159,530.32831131385,0.350661986260803
"ENSG00000167716",38.0294182496281,109.009267779041,0.348864083035805
"ENSG00000196236",11.6217022707367,33.4836210474408,0.347086184340689
"ENSG00000182871",17.7030326087115,52.0012260376215,0.340434908063504
"ENSG00000204859",0.922482137841979,2.73260529019288,0.337583381609069
"ENSG00000072518",4.14083032337555,12.2900629909657,0.336925068899173
"ENSG00000080854",0.0838356186331291,0.253872911421005,0.330226706195664
"ENSG00000182858",0.100197576787519,0.3070536385959,0.326319446929566
"ENSG00000129128",8.80532233585238,27.0594551047416,0.325406490947978
"ENSG00000159479",1.58322121322447,4.89391521034006,0.323508099740735
"ENSG00000109572",996.524628727195,3108.86993387654,0.320542399624096
"ENSG00000162972",0.564764890551898,1.78945188465921,0.315607752428268
"ENSG00000114388",3.42245255254363,10.9839123631792,0.31158775090929
"ENSG00000196517",10.0893506311637,32.3998533496061,0.311401120220576
"ENSG00000126091",70.2915256885043,226.96544798524,0.309701438299888
"ENSG00000055332",1.08651613828029,3.51924500948432,0.308735576029741
"ENSG00000144278",1.01677043070543,3.41686301079997,0.297574244128574
"ENSG00000211450",11.5427591166409,39.6305004754987,0.291259483863055
"ENSG00000183066",0.0701703676698324,0.243428408686449,0.288258733505624
"ENSG00000111229",97.51580459241,347.75389542382,0.280416138748812
"ENSG00000178074",2.28803658121482,8.37679066682581,0.273139997104693
"ENSG00000126461",35.9002935029981,132.151130128111,0.271660889055424
"ENSG00000112658",1.64143578292255,6.13374702273395,0.26760734900913
"ENSG00000152092",65.4757282778118,246.363992733929,0.265768254315749
"ENSG00000138080",1.62681739008414,6.12634256873453,0.265544632735862
"ENSG00000110801",0.235169688473656,0.890990060451044,0.263941985744697
"ENSG00000090097",50.6786098283208,196.982898077983,0.257274160956273
"ENSG00000247596",8.49632859279539,33.4565517877355,0.253951113795608
"ENSG00000159433",0.150198651952077,0.603153953936142,0.24902207551102
"ENSG00000164037",0.0449753763664894,0.189104952804504,0.237832871752735
"ENSG00000235568",0.0337379755383312,0.143714670349475,0.23475664042316
"ENSG00000149295",0.164380771614362,0.732069364097606,0.224542614990538
"ENSG00000176920",0.209641366295787,0.95340572736088,0.219886831052743
"ENSG00000214706",0.484317618871253,2.22610264412506,0.217563021172358
"ENSG00000149922",0.0611311689056555,0.296684478809094,0.206047741663337
"ENSG00000213996",0.0477404857490999,0.232373842727662,0.205446891673527
"ENSG00000109323",0.155368668295633,0.793083448576559,0.195904562899964
"ENSG00000213533",0.137493721394424,0.704303877362027,0.195219313511682
"ENSG00000180613",1.62650449025043,8.57594112742786,0.189659008170182
"ENSG00000151164",0.0508957461230012,0.271456311283045,0.187491475175237
"ENSG00000104969",44.0590137128774,236.011847657211,0.186681364297452
"ENSG00000162971",0.0322479628449467,0.179135980608932,0.180019451899794
"ENSG00000138073",1.30169199446053,7.36329027879584,0.176781295237159
"ENSG00000182196",0.0313447803240811,0.182409668850619,0.171837265004728
"ENSG00000160741",1.96529698645021,11.7430627869205,0.16735812627738
"ENSG00000178093",0.0407442428966744,0.258060157395178,0.157886601826004
"ENSG00000256762",0.0255730789979884,0.164444787134132,0.15551163334848
"ENSG00000064545",1.01120304117952,6.55910916863272,0.154167740411101
"ENSG00000170890",0.00742646743782141,0.0500045968165443,0.14851566506797
"ENSG00000205832",0.00412239861160958,0.0289627547249498,0.142334430112549
"ENSG00000124587",2.62679250541795,18.4959151305628,0.142020142580413
"ENSG00000131409",103.995606233088,767.011884482021,0.135585390964265
"ENSG00000120705",2.0767932190808,15.4637033841936,0.134301154525545
"ENSG00000141034",0.121464902871057,0.919906565232685,0.132040476871614
"ENSG00000054282",2.19900003005776,16.8811707271473,0.130263479014451
"ENSG00000165046",0.217409158746326,1.67067666526013,0.13013239603197
"ENSG00000003509",0.908397444522305,7.21437480790928,0.125914922283669
"ENSG00000164049",0.0138560110576955,0.117854919725015,0.117568362138309
"ENSG00000243710",0.00741610881172019,0.0703649627811214,0.105394893490386
"ENSG00000113073",0.00103305785123967,0.0106534090909091,0.0969696059475602
"ENSG00000061492",0.00103305785123967,0.0106534090909091,0.0969696059475601
"ENSG00000143552",0.00463674303293916,0.0547513462147608,0.084687272672327
"ENSG00000180329",1.98822188861325,24.6717985933828,0.0805868238702563
"ENSG00000176681",0.000669244497323022,0.00868902439024391,0.0770217342072502
"ENSG00000008197",0.0394475907615112,0.569731938442146,0.0692388602559067
"ENSG00000149179",62.0558828251574,896.763681632959,0.0691998171820082
"ENSG00000165923",0.00249612482590688,0.0364467849223947,0.068486812934356
"ENSG00000124159",0.401727301553489,6.12304716371027,0.0656090489190306
"ENSG00000185294",0.000704839599436971,0.0124769031781227,0.0564915046994839
"ENSG00000170482",0.000258264462809917,0.00568181818181819,0.0454544654546862
"ENSG00000133477",0.00052283398487295,0.0121951219512195,0.0428723516042536
"ENSG00000103067",0.00118976799524093,0.030030487804878,0.0396186571055665
"ENSG00000243696",0.000359433468783964,0.0097330007390983,0.0369293200653822
"ENSG00000242866",0.000114784205693297,0.00378787878787879,0.0303029503032415
"ENSG00000100312",0.000509900569388969,0.018140243902439,0.0281087890021435
"ENSG00000115474",0.000297441998810232,0.0121951219512195,0.0243902239024555
"ENSG00000162598",7.4360499702558e-05,0.00304878048780487,0.0243901639027015
"ENSG00000117601",7.4360499702558e-05,0.00304878048780488,0.0243901639027014
"ENSG00000055955",0,0,0
"ENSG00000120055",0,0,0
"ENSG00000129167",0,0,0
"ENSG00000131951",0,0,0
"ENSG00000169594",0,0,0
"ENSG00000170374",0,0,0
"ENSG00000180219",0,0,0
"ENSG00000184206",0,0,0
"ENSG00000187664",0,0,0
"ENSG00000188107",0,0,0
"ENSG00000214435",0,0,0
"ENSG00000235376",0,0,0
"ENSG00000242028",0,0,0
"ENSG00000248592",0,0,0
