"","Genes","Modules"
"1","ENSG00000002822","6"
"2","ENSG00000003509","7"
"3","ENSG00000004534","1"
"4","ENSG00000005483","5"
"5","ENSG00000006744","5"
"6","ENSG00000009307","9"
"7","ENSG00000010318","1"
"8","ENSG00000010319","6"
"9","ENSG00000010322","1"
"10","ENSG00000010327","6"
"11","ENSG00000013375","2"
"12","ENSG00000013392","8"
"13","ENSG00000016864","6"
"14","ENSG00000023330","6"
"15","ENSG00000023902","6"
"16","ENSG00000028116","9"
"17","ENSG00000033030","5"
"18","ENSG00000037749","9"
"19","ENSG00000041515","4"
"20","ENSG00000041988","3"
"21","ENSG00000044115","2"
"22","ENSG00000048828","2"
"23","ENSG00000051523","2"
"24","ENSG00000051825","5"
"25","ENSG00000052723","7"
"26","ENSG00000054282","7"
"27","ENSG00000055332","9"
"28","ENSG00000056050","7"
"29","ENSG00000056972","6"
"30","ENSG00000060069","1"
"31","ENSG00000064545","1"
"32","ENSG00000065413","9"
"33","ENSG00000066032","7"
"34","ENSG00000066135","5"
"35","ENSG00000066248","3"
"36","ENSG00000067082","4"
"37","ENSG00000067369","5"
"38","ENSG00000070366","5"
"39","ENSG00000072518","1"
"40","ENSG00000073060","6"
"41","ENSG00000073711","9"
"42","ENSG00000073969","8"
"43","ENSG00000074660","6"
"44","ENSG00000075413","5"
"45","ENSG00000075426","6"
"46","ENSG00000076513","1"
"47","ENSG00000076555","1"
"48","ENSG00000076685","9"
"49","ENSG00000077080","3"
"50","ENSG00000078295","6"
"51","ENSG00000080644","6"
"52","ENSG00000080854","5"
"53","ENSG00000081665","5"
"54","ENSG00000081842","6"
"55","ENSG00000084764","3"
"56","ENSG00000085788","7"
"57","ENSG00000085978","6"
"58","ENSG00000086598","7"
"59","ENSG00000088808","4"
"60","ENSG00000089639","1"
"61","ENSG00000090097","1"
"62","ENSG00000090975","6"
"63","ENSG00000092847","5"
"64","ENSG00000092964","4"
"65","ENSG00000094880","7"
"66","ENSG00000100034","1"
"67","ENSG00000100138","8"
"68","ENSG00000100162","2"
"69","ENSG00000100197","1"
"70","ENSG00000100227","5"
"71","ENSG00000100395","6"
"72","ENSG00000100399","6"
"73","ENSG00000100401","6"
"74","ENSG00000100425","5"
"75","ENSG00000100426","5"
"76","ENSG00000100711","4"
"77","ENSG00000100865","8"
"78","ENSG00000101438","3"
"79","ENSG00000101442","5"
"80","ENSG00000102452","7"
"81","ENSG00000102471","7"
"82","ENSG00000102780","7"
"83","ENSG00000102882","3"
"84","ENSG00000102886","1"
"85","ENSG00000102901","1"
"86","ENSG00000103037","1"
"87","ENSG00000103066","3"
"88","ENSG00000103335","6"
"89","ENSG00000103351","7"
"90","ENSG00000103423","6"
"91","ENSG00000104228","9"
"92","ENSG00000104442","7"
"93","ENSG00000104524","3"
"94","ENSG00000104695","7"
"95","ENSG00000104969","3"
"96","ENSG00000105701","3"
"97","ENSG00000105705","6"
"98","ENSG00000105926","8"
"99","ENSG00000105928","1"
"100","ENSG00000105963","3"
"101","ENSG00000106266","1"
"102","ENSG00000107282","6"
"103","ENSG00000107882","5"
"104","ENSG00000108953","7"
"105","ENSG00000109320","2"
"106","ENSG00000109323","6"
"107","ENSG00000109332","7"
"108","ENSG00000109452","7"
"109","ENSG00000109572","7"
"110","ENSG00000109956","6"
"111","ENSG00000110013","7"
"112","ENSG00000110046","1"
"113","ENSG00000110492","2"
"114","ENSG00000110497","6"
"115","ENSG00000110536","8"
"116","ENSG00000110583","1"
"117","ENSG00000110801","6"
"118","ENSG00000110987","5"
"119","ENSG00000111011","7"
"120","ENSG00000111229","8"
"121","ENSG00000111231","7"
"122","ENSG00000111325","1"
"123","ENSG00000111328","2"
"124","ENSG00000112619","6"
"125","ENSG00000112658","1"
"126","ENSG00000112659","1"
"127","ENSG00000112852","9"
"128","ENSG00000112855","1"
"129","ENSG00000112983","5"
"130","ENSG00000112996","7"
"131","ENSG00000113108","3"
"132","ENSG00000113119","1"
"133","ENSG00000113141","7"
"134","ENSG00000114388","3"
"135","ENSG00000114416","7"
"136","ENSG00000114446","8"
"137","ENSG00000114767","3"
"138","ENSG00000114841","1"
"139","ENSG00000114861","4"
"140","ENSG00000114902","8"
"141","ENSG00000114904","5"
"142","ENSG00000115392","9"
"143","ENSG00000115520","7"
"144","ENSG00000115541","8"
"145","ENSG00000115808","7"
"146","ENSG00000115816","9"
"147","ENSG00000115825","2"
"148","ENSG00000116127","5"
"149","ENSG00000116147","6"
"150","ENSG00000116199","7"
"151","ENSG00000116288","8"
"152","ENSG00000117020","9"
"153","ENSG00000117399","2"
"154","ENSG00000117407","1"
"155","ENSG00000117569","7"
"156","ENSG00000117593","2"
"157","ENSG00000117971","1"
"158","ENSG00000118007","9"
"159","ENSG00000118997","4"
"160","ENSG00000119042","4"
"161","ENSG00000120071","5"
"162","ENSG00000120088","3"
"163","ENSG00000120314","1"
"164","ENSG00000120334","2"
"165","ENSG00000120458","5"
"166","ENSG00000120705","7"
"167","ENSG00000120733","5"
"168","ENSG00000120885","4"
"169","ENSG00000120899","6"
"170","ENSG00000120903","6"
"171","ENSG00000121057","1"
"172","ENSG00000121671","6"
"173","ENSG00000121680","3"
"174","ENSG00000121749","7"
"175","ENSG00000121989","7"
"176","ENSG00000122687","7"
"177","ENSG00000122970","7"
"178","ENSG00000122986","6"
"179","ENSG00000123384","1"
"180","ENSG00000124587","1"
"181","ENSG00000125107","5"
"182","ENSG00000126070","5"
"183","ENSG00000126091","3"
"184","ENSG00000126214","4"
"185","ENSG00000126215","2"
"186","ENSG00000126453","2"
"187","ENSG00000126456","3"
"188","ENSG00000126457","6"
"189","ENSG00000126461","1"
"190","ENSG00000126464","1"
"191","ENSG00000128928","1"
"192","ENSG00000129128","7"
"193","ENSG00000129691","7"
"194","ENSG00000129933","1"
"195","ENSG00000129993","1"
"196","ENSG00000130158","6"
"197","ENSG00000130287","6"
"198","ENSG00000130783","4"
"199","ENSG00000130787","1"
"200","ENSG00000130921","5"
"201","ENSG00000131374","5"
"202","ENSG00000131409","1"
"203","ENSG00000131495","8"
"204","ENSG00000132563","1"
"205","ENSG00000133106","6"
"206","ENSG00000133107","4"
"207","ENSG00000133315","4"
"208","ENSG00000133477","6"
"209","ENSG00000134574","2"
"210","ENSG00000135250","7"
"211","ENSG00000135519","3"
"212","ENSG00000135625","6"
"213","ENSG00000135631","6"
"214","ENSG00000135870","5"
"215","ENSG00000136040","4"
"216","ENSG00000136295","1"
"217","ENSG00000136381","9"
"218","ENSG00000136383","6"
"219","ENSG00000136404","4"
"220","ENSG00000136631","7"
"221","ENSG00000137601","7"
"222","ENSG00000137822","5"
"223","ENSG00000137842","8"
"224","ENSG00000138073","6"
"225","ENSG00000138080","6"
"226","ENSG00000138111","1"
"227","ENSG00000138175","7"
"228","ENSG00000138311","8"
"229","ENSG00000138821","6"
"230","ENSG00000139697","5"
"231","ENSG00000139718","1"
"232","ENSG00000139746","7"
"233","ENSG00000140264","8"
"234","ENSG00000140265","5"
"235","ENSG00000140519","4"
"236","ENSG00000140525","2"
"237","ENSG00000140564","1"
"238","ENSG00000140937","4"
"239","ENSG00000141012","1"
"240","ENSG00000141034","7"
"241","ENSG00000141564","1"
"242","ENSG00000141759","8"
"243","ENSG00000142173","6"
"244","ENSG00000142197","9"
"245","ENSG00000142546","8"
"246","ENSG00000142599","1"
"247","ENSG00000142686","6"
"248","ENSG00000142687","1"
"249","ENSG00000142949","1"
"250","ENSG00000143554","4"
"251","ENSG00000143570","2"
"252","ENSG00000143578","2"
"253","ENSG00000143603","5"
"254","ENSG00000143614","5"
"255","ENSG00000143621","6"
"256","ENSG00000143702","9"
"257","ENSG00000144278","9"
"258","ENSG00000144381","7"
"259","ENSG00000144395","2"
"260","ENSG00000144821","6"
"261","ENSG00000145439","7"
"262","ENSG00000146007","7"
"263","ENSG00000146463","9"
"264","ENSG00000146555","6"
"265","ENSG00000146830","1"
"266","ENSG00000147471","7"
"267","ENSG00000147535","1"
"268","ENSG00000147548","5"
"269","ENSG00000147724","9"
"270","ENSG00000148498","2"
"271","ENSG00000148680","4"
"272","ENSG00000148795","6"
"273","ENSG00000148798","4"
"274","ENSG00000148842","5"
"275","ENSG00000149091","3"
"276","ENSG00000149131","2"
"277","ENSG00000149179","3"
"278","ENSG00000149182","6"
"279","ENSG00000149292","2"
"280","ENSG00000149295","6"
"281","ENSG00000149328","5"
"282","ENSG00000149564","6"
"283","ENSG00000149658","5"
"284","ENSG00000149922","6"
"285","ENSG00000149925","3"
"286","ENSG00000149927","3"
"287","ENSG00000149929","6"
"288","ENSG00000149930","1"
"289","ENSG00000149932","8"
"290","ENSG00000150337","6"
"291","ENSG00000150967","1"
"292","ENSG00000150977","6"
"293","ENSG00000151067","4"
"294","ENSG00000151164","6"
"295","ENSG00000151320","7"
"296","ENSG00000151834","7"
"297","ENSG00000151883","4"
"298","ENSG00000152078","7"
"299","ENSG00000152092","6"
"300","ENSG00000152822","6"
"301","ENSG00000153310","7"
"302","ENSG00000153989","7"
"303","ENSG00000154814","7"
"304","ENSG00000155511","6"
"305","ENSG00000156374","7"
"306","ENSG00000156398","1"
"307","ENSG00000156411","8"
"308","ENSG00000156587","8"
"309","ENSG00000156735","7"
"310","ENSG00000157388","4"
"311","ENSG00000157613","6"
"312","ENSG00000157680","8"
"313","ENSG00000157778","8"
"314","ENSG00000157782","6"
"315","ENSG00000157837","9"
"316","ENSG00000157851","4"
"317","ENSG00000157911","6"
"318","ENSG00000158019","7"
"319","ENSG00000158023","6"
"320","ENSG00000158092","7"
"321","ENSG00000159314","1"
"322","ENSG00000159433","1"
"323","ENSG00000159479","7"
"324","ENSG00000159640","6"
"325","ENSG00000160072","1"
"326","ENSG00000160741","1"
"327","ENSG00000162267","6"
"328","ENSG00000162944","2"
"329","ENSG00000162971","7"
"330","ENSG00000162972","8"
"331","ENSG00000163513","6"
"332","ENSG00000163531","1"
"333","ENSG00000163673","4"
"334","ENSG00000163866","8"
"335","ENSG00000163931","6"
"336","ENSG00000163935","5"
"337","ENSG00000163938","7"
"338","ENSG00000163939","9"
"339","ENSG00000164037","6"
"340","ENSG00000164038","8"
"341","ENSG00000164049","1"
"342","ENSG00000164061","9"
"343","ENSG00000164062","6"
"344","ENSG00000164068","1"
"345","ENSG00000164077","3"
"346","ENSG00000164088","6"
"347","ENSG00000164574","4"
"348","ENSG00000164588","8"
"349","ENSG00000164815","7"
"350","ENSG00000164880","1"
"351","ENSG00000165046","7"
"352","ENSG00000165233","3"
"353","ENSG00000165417","7"
"354","ENSG00000165912","6"
"355","ENSG00000165995","7"
"356","ENSG00000166165","6"
"357","ENSG00000166166","1"
"358","ENSG00000166170","9"
"359","ENSG00000166197","7"
"360","ENSG00000166272","5"
"361","ENSG00000166275","8"
"362","ENSG00000166484","5"
"363","ENSG00000166716","1"
"364","ENSG00000166734","7"
"365","ENSG00000166762","1"
"366","ENSG00000166913","7"
"367","ENSG00000166963","8"
"368","ENSG00000166986","6"
"369","ENSG00000167004","7"
"370","ENSG00000167074","8"
"371","ENSG00000167077","6"
"372","ENSG00000167193","7"
"373","ENSG00000167491","5"
"374","ENSG00000167508","1"
"375","ENSG00000167526","3"
"376","ENSG00000167705","6"
"377","ENSG00000167716","1"
"378","ENSG00000168005","2"
"379","ENSG00000168237","1"
"380","ENSG00000168268","2"
"381","ENSG00000168273","8"
"382","ENSG00000168781","6"
"383","ENSG00000168803","7"
"384","ENSG00000168918","6"
"385","ENSG00000169684","9"
"386","ENSG00000169855","9"
"387","ENSG00000170100","5"
"388","ENSG00000170445","6"
"389","ENSG00000170571","8"
"390","ENSG00000171206","1"
"391","ENSG00000171604","6"
"392","ENSG00000171681","9"
"393","ENSG00000171877","2"
"394","ENSG00000172137","6"
"395","ENSG00000172803","3"
"396","ENSG00000172995","6"
"397","ENSG00000173327","6"
"398","ENSG00000174231","5"
"399","ENSG00000174437","7"
"400","ENSG00000174456","8"
"401","ENSG00000174579","5"
"402","ENSG00000174943","4"
"403","ENSG00000175216","5"
"404","ENSG00000175220","6"
"405","ENSG00000175224","6"
"406","ENSG00000175324","7"
"407","ENSG00000175548","7"
"408","ENSG00000175727","1"
"409","ENSG00000176165","5"
"410","ENSG00000176340","8"
"411","ENSG00000176371","5"
"412","ENSG00000176697","6"
"413","ENSG00000176920","1"
"414","ENSG00000177082","1"
"415","ENSG00000177096","2"
"416","ENSG00000177932","9"
"417","ENSG00000178074","7"
"418","ENSG00000178093","1"
"419","ENSG00000178342","6"
"420","ENSG00000178568","7"
"421","ENSG00000178922","1"
"422","ENSG00000180329","7"
"423","ENSG00000180423","5"
"424","ENSG00000180628","7"
"425","ENSG00000180667","7"
"426","ENSG00000180720","3"
"427","ENSG00000181830","4"
"428","ENSG00000182511","6"
"429","ENSG00000182858","1"
"430","ENSG00000182871","6"
"431","ENSG00000183066","1"
"432","ENSG00000183166","4"
"433","ENSG00000183172","8"
"434","ENSG00000183763","2"
"435","ENSG00000183955","1"
"436","ENSG00000184144","6"
"437","ENSG00000184349","6"
"438","ENSG00000184489","1"
"439","ENSG00000184922","3"
"440","ENSG00000184983","8"
"441","ENSG00000185189","1"
"442","ENSG00000185278","5"
"443","ENSG00000185344","5"
"444","ENSG00000185352","7"
"445","ENSG00000185630","9"
"446","ENSG00000185760","8"
"447","ENSG00000186298","7"
"448","ENSG00000186487","6"
"449","ENSG00000186868","4"
"450","ENSG00000186952","7"
"451","ENSG00000187741","2"
"452","ENSG00000188070","5"
"453","ENSG00000188107","9"
"454","ENSG00000188266","8"
"455","ENSG00000188641","4"
"456","ENSG00000188938","7"
"457","ENSG00000196141","4"
"458","ENSG00000196236","1"
"459","ENSG00000196419","7"
"460","ENSG00000196510","6"
"461","ENSG00000196517","6"
"462","ENSG00000196588","1"
"463","ENSG00000196628","9"
"464","ENSG00000196663","1"
"465","ENSG00000197056","5"
"466","ENSG00000197121","9"
"467","ENSG00000197555","9"
"468","ENSG00000197696","3"
"469","ENSG00000198198","1"
"470","ENSG00000198218","5"
"471","ENSG00000198492","9"
"472","ENSG00000198517","1"
"473","ENSG00000198597","2"
"474","ENSG00000198837","1"
"475","ENSG00000198846","9"
"476","ENSG00000198951","2"
"477","ENSG00000204852","6"
"478","ENSG00000204856","8"
"479","ENSG00000204859","1"
"480","ENSG00000204962","6"
"481","ENSG00000204963","6"
"482","ENSG00000204965","6"
"483","ENSG00000204967","6"
"484","ENSG00000204969","6"
"485","ENSG00000204970","6"
"486","ENSG00000205702","1"
"487","ENSG00000205832","1"
"488","ENSG00000205899","3"
"489","ENSG00000205981","8"
"490","ENSG00000211450","8"
"491","ENSG00000213445","6"
"492","ENSG00000213533","6"
"493","ENSG00000213593","8"
"494","ENSG00000214575","8"
"495","ENSG00000214706","1"
"496","ENSG00000215421","5"
"497","ENSG00000218739","8"
"498","ENSG00000221823","7"
"499","ENSG00000221866","4"
"500","ENSG00000221890","6"
"501","ENSG00000223572","8"
"502","ENSG00000225190","1"
"503","ENSG00000225968","6"
"504","ENSG00000226124","7"
"505","ENSG00000228474","8"
"506","ENSG00000235568","4"
"507","ENSG00000239389","4"
"508","ENSG00000242028","1"
"509","ENSG00000243232","6"
"510","ENSG00000243710","6"
"511","ENSG00000247596","3"
"512","ENSG00000248383","6"
"513","ENSG00000249158","6"
"514","ENSG00000250067","8"
"515","ENSG00000250120","6"
"516","ENSG00000250305","9"
"517","ENSG00000251664","6"
"518","ENSG00000254470","1"
"519","ENSG00000255408","6"
"520","ENSG00000256053","8"
"521","ENSG00000277149","7"
"522","ENSG00000277443","7"
